rebecaTello,recom,times,yohan,recom,times,camilaHuen,recom,times,caminavarro,recom,times,javiLuengo,recom,times,karin,recom,times,LuisMore,recom,times,matiHuen,recom,times,ConsuCel,recom,times,ConsuMach,recom,times,Ithan,recom,times,Jrivas,recom,times
0,-0.01,0,,-0.01,0,,-0.9,31,,-0.01,0,,-0.01,0,,-0.75,16,,-1.14,14,,-1.03,3,,-1.21,21,,-1.11,11,,-0.01,0,,-1.18,18
1,-0.78,19,,-1.02,2,,-0.09,32,,-1.1,10,,-1.08,8,,-0.65,6,,-1.06,6,,-0.68,9,,-0.33,56,,-0.73,55,,-0.79,20,,-0.56,17
2,-0.6,42,,-1.17,17,,-1.05,5,,-0.23,46,,-1.04,4,,-0.4,22,,-0.75,98,,-1.17,17,,-0.9,31,,-0.35,17,,-1.04,4,,-1.05,5
3,-0.7,11,,-0.48,30,,-0.76,17,,-0.74,15,,-0.68,9,,-0.74,15,,-0.7,11,,-0.53,35,,0.24,40,,-1.1,10,,-0.86,27,,-0.5,11
4,-1.07,7,,-1.17,17,,2.21,84,,-1.13,13,,-1.09,9,,-0.49,31,,2.2,44,,-1.04,4,,0.38,67,,-1.04,4,,-1.09,9,,-0.49,10
5,-1.08,8,,-1.11,11,,-0.17,40,,-1.04,4,,-1.21,21,,-0.28,51,,2.33,72,,-0.56,38,,-0.84,25,,-1.16,16,,-1.05,5,,0.84,60
6,0.14,91,,-1.08,8,,-0.66,48,,-0.39,21,,-1.2,20,,-1.15,15,,-0.28,51,,-1.09,9,,0.13,51,,-0.76,17,,-1.06,6,,-1.12,12
7,-1.03,3,,-1.29,29,,2.22,42,,-1.16,16,,-1.06,6,,1.88,76,,-0.74,15,,-0.85,26,,0.33,72,,-0.86,27,,-0.71,12,,3.47,58
8,-0.1,33,,-1.04,4,,-1.11,11,,-0.35,17,,-0.91,32,,-0.9,31,,-0.86,27,,-0.42,24,,-1.14,14,,-1.11,11,,0.31,33,,0.37,46
9,-0.77,18,,-1.06,6,,2.08,56,,2.29,35,,-0.74,15,,-0.7,11,,2.46,59,,-0.28,10,,-0.87,28,,-1.05,5,,-1.11,11,,-1.06,6
10,0.17,47,,0.41,64,,2.55,50,,-0.15,38,,-1.02,2,,-1.12,12,,2.55,50,,-1.07,7,,2.44,61,,-0.39,21,,-1.09,9,,-1.1,10
11,-1.06,6,,-0.67,8,,-0.7,11,,-0.61,43,,-0.68,50,,-0.72,13,,-0.44,26,,-0.28,51,,-0.72,13,,-1.1,10,,-1.11,11,,-1.17,17
12,-1.03,3,,-1.04,4,,-0.56,38,,-0.82,23,,-0.76,17,,-0.78,19,,0.03,61,,-0.9,31,,-1.11,11,,-1.06,6,,-2.22E-16,64,,-0.69,30
13,-1.14,14,,-0.87,28,,-0.68,9,,-0.69,10,,-0.51,33,,-0.71,12,,-0.76,17,,-0.34,16,,0.08,56,,-1.04,4,,-0.61,43,,3.53,52
14,-0.74,15,,-1.12,53,,-1.04,4,,-0.74,15,,-1.05,5,,-0.57,39,,2.67,38,,0.49,56,,-1.04,4,,-0.3,53,,-1.04,4,,-0.03,25
15,-1.04,4,,-0.14,37,,2.46,59,,-1.04,4,,-0.31,54,,1.73,91,,-1.04,4,,-0.77,18,,2.51,54,,-1.05,5,,-1.05,5,,-1.02,2
16,-1.12,12,,-1.05,5,,-0.51,33,,2.51,54,,-1.15,15,,2.6,45,,2.6,45,,-0.42,24,,-0.61,43,,-0.69,10,,-0.87,28,,2.97,47
17,1.47,35,,-0.14,37,,-1.17,17,,-1.07,7,,-0.98,39,,-0.76,17,,-1.12,12,,2.41,64,,-0.71,12,,-1.1,10,,-0.5,32,,-0.31,53
18,2.32,73,,2.65,40,,-1.03,3,,2.51,54,,-1.1,10,,-0.58,40,,-0.77,18,,-0.78,19,,2.61,44,,-0.83,24,,0.5,55,,0.54,29
19,-0.04,27,,-0.76,17,,0.02,21,,0.67,38,,-0.55,37,,-1.08,8,,2.1,54,,-0.74,15,,0.22,42,,-1.02,2,,-0.76,17,,0.68,15
20,-1.09,9,,-1.12,12,,-0.73,14,,2.5,55,,-1.05,5,,-0.41,23,,-0.23,46,,-0.7,11,,2.54,51,,-1.1,10,,-1.06,6,,3.51,54
21,2.69,36,,-0.59,41,,-0.37,19,,-0.82,23,,-0.15,38,,2.54,51,,0.28,36,,0.02,62,,2.34,30,,-1.09,9,,2.43,62,,0.5,33
22,-1.08,8,,-1.04,4,,-0.73,14,,-1.06,6,,-0.8,21,,-0.7,52,,-0.15,38,,2.58,47,,2.33,31,,-0.47,29,,2.33,31,,3.76,29
23,-0.61,43,,-0.46,28,,-0.72,13,,2.55,50,,-0.07,30,,-0.2,43,,-0.68,9,,-0.7,11,,-0.04,27,,-0.09,32,,-1.07,7,,3.65,40
24,-1.07,7,,-1.03,3,,2.39,66,,-0.79,20,,2.22,83,,1.92,31,,-0.72,13,,2.63,42,,-0.41,23,,-1.1,10,,-0.08,31,,0.07,15
25,2.36,69,,1.73,50,,1.5,32,,2.43,62,,-1.06,6,,1.22,19,,-0.69,10,,2.1,54,,-1.05,5,,-0.77,18,,0.09,55,,-1.1,10
26,-1.03,3,,-0.1,33,,-0.8,21,,-1.1,10,,0.57,48,,-0.82,23,,-1.18,18,,-0.34,57,,-0.6,42,,-0.77,18,,-1.02,2,,3.44,61
27,-0.58,40,,-0.45,27,,1.89,34,,-0.32,14,,-0.12,35,,-0.76,17,,0.72,33,,-1.05,5,,2.58,47,,2.36,69,,0,23,,-1.12,12
28,2.66,39,,2.4,65,,0.61,44,,-0.75,16,,0.26,38,,-1.12,12,,-0.29,11,,-0.16,39,,2.69,36,,2.47,58,,-0.81,22,,-1.06,6
29,-0.52,34,,2.39,66,,-1.05,5,,-0.07,30,,0.41,23,,-0.71,12,,2.62,43,,2.64,41,,-0.38,20,,-0.82,23,,-0.45,27,,3.58,47
30,0.35,29,,-0.18,41,,2.59,46,,-0.55,37,,-1.1,10,,-0.84,25,,-1.17,17,,-0.46,28,,2.72,33,,2.09,55,,-0.48,30,,0.49,34
31,2.47,58,,-0.04,27,,-0.33,15,,0.29,35,,-0.1,33,,-0.45,27,,-1.05,5,,-0.1,33,,2.63,42,,-1.04,4,,-0.75,16,,3.09,35
32,2.37,27,,-0.43,25,,2.53,52,,0.05,18,,-0.1,33,,-0.4,22,,1.9,33,,2.65,40,,-0.48,30,,-0.78,19,,-0.51,33,,0.98,46
33,2.02,62,,2.3,75,,-1.06,6,,2.63,42,,0.09,55,,0.51,54,,-0.35,17,,2.07,57,,2.5,55,,-0.78,19,,-1.05,5,,3.75,30
34,2.42,22,,-1.03,3,,2.54,51,,-0.55,37,,-0.79,20,,-0.65,6,,2.59,46,,-0.74,15,,2.48,57,,-1.05,5,,0.07,57,,1.17,27
35,-0.45,27,,2.48,57,,2.3,34,,-0.1,33,,2.6,45,,2.65,40,,2.73,32,,2.38,26,,-0.74,15,,-1.05,5,,-0.74,15,,0.39,44
36,2.28,36,,-0.32,14,,2.6,45,,0.37,27,,0.6,45,,0.37,27,,-0.35,17,,2.28,36,,2.55,50,,-1.02,2,,0.24,40,,-0.49,10
37,2.46,59,,-0.17,40,,-0.52,34,,-0.49,31,,-0.69,10,,2.77,28,,-1.02,2,,1.61,62,,-0.74,15,,-0.11,34,,2.66,39,,3.17,27
38,-1.08,8,,-0.04,27,,2.21,43,,-1.07,7,,-0.59,41,,2.12,52,,2.64,41,,1.75,48,,0.82,23,,2.56,49,,-0.22,45,,-1.06,6
39,-0.73,14,,2.28,36,,1.91,32,,-0.36,18,,2.22,42,,-0.09,32,,-0.74,15,,-0.03,26,,2.66,39,,-1.04,4,,-1.02,2,,3.72,33
40,0.37,27,,2.5,55,,0.58,47,,-1.02,2,,2.75,30,,2.6,45,,-1.04,4,,0.04,19,,-0.56,38,,0.32,32,,-0.87,28,,-0.5,11
41,2.57,48,,-0.76,17,,2.23,41,,2.25,39,,-1.08,8,,-1.09,9,,-0.83,24,,-1.07,7,,2.34,71,,-0.46,28,,2.51,54,,-0.02,24
42,0.02,21,,2.76,29,,2.07,16,,0.37,68,,2.4,65,,-1.12,12,,2.66,39,,-0.34,16,,-0.49,31,,2.46,59,,0.16,48,,0.47,36
43,2.53,52,,-1.14,14,,2.5,55,,2,64,,0.01,63,,2.31,33,,2.7,35,,-0.86,27,,1.92,31,,2.55,50,,-1.06,6,,1.04,40
44,-1.08,8,,2.34,71,,-0.67,8,,2.7,35,,-0.72,13,,-1.08,8,,-1.13,13,,2.19,45,,-0.61,43,,1.95,28,,2.54,51,,-1.08,8
45,0.28,36,,0.15,49,,0.41,23,,-1.07,7,,2.31,33,,0.26,38,,-0.41,23,,1.46,36,,0.01,22,,2.72,33,,2.3,34,,0.02,20
46,0.17,47,,-0.7,11,,-1.12,12,,-2.22E-16,23,,2.49,56,,-1.13,13,,2.39,66,,0.36,28,,-0.71,12,,2.78,27,,0.65,40,,3.78,27
47,1.93,30,,0.3,34,,0.29,35,,-0.09,32,,-0.72,13,,-0.88,29,,2.59,46,,-1.05,5,,2.37,27,,-0.36,59,,0.22,42,,-1.18,18
48,2.74,31,,2.29,35,,2.69,36,,0.15,49,,-0.59,41,,-0.69,10,,2.68,37,,2.74,31,,0.57,48,,-0.71,12,,-0.64,5,,-0.08,30
49,-0.69,10,,0.6,45,,-0.72,13,,1.85,38,,0.31,33,,-1.09,9,,1.95,28,,-0.68,9,,0.66,39,,2.74,31,,-1.12,12,,1.19,25
50,1.89,34,,2.52,53,,2.65,40,,2.3,34,,2.64,41,,2.14,50,,-0.7,11,,-0.73,14,,0.3,75,,-1.04,4,,2.51,54,,3.71,34
51,-0.73,14,,0.69,36,,-0.68,9,,-0.33,15,,2.25,39,,-0.57,39,,2.64,41,,-0.44,26,,-0.65,6,,0.4,24,,-0.71,12,,0.03,19
52,2.67,38,,-0.02,25,,-1.02,2,,2.67,38,,-0.71,12,,-0.07,30,,2.63,42,,2.6,45,,2.67,38,,2.18,46,,-0.09,32,,3.66,39
53,1.85,38,,2.64,41,,0.35,29,,2.74,31,,2.37,68,,2.17,47,,0.04,19,,2.7,35,,2.6,45,,0.23,41,,2.61,44,,3.56,49
54,-0.32,14,,-1.02,2,,2.66,39,,2.39,66,,-1.07,7,,-0.13,36,,0.25,39,,-0.47,29,,-0.34,16,,2.58,47,,2.71,34,,3.2,24
55,0.65,40,,0.04,19,,-0.4,22,,2.65,40,,2.73,32,,-0.64,5,,2.32,32,,2.77,28,,-0.4,22,,-0.71,12,,2.64,41,,1.13,31
56,2.61,44,,0.28,36,,2.61,44,,0.32,32,,-0.77,18,,2.6,45,,-0.31,13,,2.74,31,,0.72,33,,2.57,48,,2.79,26,,3.18,26
57,1.96,27,,2.61,44,,2.71,34,,0.62,43,,0.03,20,,2.59,46,,2.64,41,,2.8,25,,2.68,37,,2.78,27,,-0.72,13,,3.19,25
58,2.66,39,,-0.08,31,,2.63,42,,-0.33,15,,-1.1,10,,2.73,32,,2.81,24,,2.69,36,,2.72,33,,-1.1,10,,-1.09,9,,-0.16,38
59,2.76,29,,-0.69,10,,-0.3,12,,-1.07,7,,0.34,30,,-1.03,3,,2.64,41,,-0.03,26,,2.66,39,,-0.67,8,,-0.77,18,,3.66,39
60,2.36,28,,2.68,37,,2.78,27,,-1.15,15,,-0.73,14,,2.62,43,,2.34,30,,0.59,46,,2.39,25,,2.53,52,,2.54,51,,3.52,53
61,1.67,56,,-1.06,6,,-1.06,6,,2.62,43,,2.29,35,,2.58,47,,2.53,52,,0.01,22,,2.72,33,,2.3,34,,-1.11,11,,3.11,33
62,-0.41,23,,2.72,33,,2.4,65,,2.27,37,,2.37,27,,-0.01,24,,-0.3,12,,2.27,37,,2.69,36,,2.66,39,,0.63,42,,3.58,47
63,-0.77,18,,-0.76,17,,2.68,37,,2.67,38,,2.51,54,,2.62,43,,2.7,35,,-0.31,13,,2.54,51,,2.37,27,,2.56,49,,3.35,70
64,2.77,28,,0.21,43,,2.25,39,,-0.64,5,,2.7,35,,-0.71,12,,2.8,25,,2.72,33,,2.19,45,,0.06,17,,-1.17,17,,-0.54,15
65,-0.02,25,,1.86,37,,2.33,31,,2.66,39,,2.66,39,,0.16,48,,2.61,44,,0.25,39,,2.66,39,,2.55,50,,-1.02,2,,3.76,29
66,-0.33,15,,2.47,58,,-0.68,9,,2.64,41,,2.73,32,,2.63,42,,2.67,38,,-0.92,33,,-1.26,26,,2.72,33,,2.73,32,,-0.04,26
67,-0.75,16,,-0.35,17,,2.68,37,,2.7,35,,2.34,30,,-1.14,14,,2.63,42,,-0.47,29,,-0.27,50,,2.35,29,,2.58,47,,3.67,38
68,2.29,35,,-1.11,11,,2.64,41,,-0.47,29,,-0.73,14,,2.73,32,,2.57,48,,-1.11,11,,2.79,26,,-1.06,6,,2.59,46,,0.87,34
69,2.24,40,,2.71,34,,-0.31,13,,2.65,40,,2.68,37,,2.71,34,,1.99,24,,2.42,22,,1.9,33,,2.65,40,,2.41,64,,3.06,38
70,0,23,,0.02,21,,1.93,30,,-0.94,35,,2.72,33,,0.36,28,,2.57,48,,2.35,29,,-0.38,20,,2.78,27,,2.51,54,,3.57,48
71,1.94,29,,2.76,29,,2.69,36,,2.79,26,,2.75,30,,2.64,41,,0.76,29,,0.32,32,,2.58,47,,2.74,31,,2.5,55,,3.78,27
72,2.56,49,,2.55,50,,2.69,36,,2.8,25,,0.37,27,,2.6,45,,2.44,61,,2.5,55,,2.41,64,,2.66,39,,2.72,33,,3.26,18
73,2.7,35,,2.09,55,,0.02,21,,0.09,14,,2.68,37,,-0.73,14,,0.59,46,,2.71,34,,0.48,57,,2.62,43,,2.71,34,,3.24,20
74,2.78,27,,2.66,39,,2.8,25,,2.73,32,,1.31,32,,2.32,32,,2.64,41,,1.61,21,,2.44,20,,2.67,38,,2.78,27,,3.24,20
75,-1.04,4,,2.71,34,,-0.37,19,,-0.17,40,,2.82,23,,2.71,34,,-0.66,7,,-0.33,15,,-0.78,19,,2.56,49,,2.63,42,,2.88,56
76,2.64,41,,2.25,39,,2.73,32,,-0.43,25,,0.45,19,,-0.68,9,,2.37,27,,-1.07,7,,-0.75,16,,0.43,21,,2.77,28,,3.12,32
77,2.71,34,,2.7,35,,-0.07,30,,2.39,66,,0.32,32,,0.53,52,,2.62,43,,-1.07,7,,-1.05,5,,2.61,44,,0.26,38,,3.75,30
78,0.58,47,,0.06,17,,2.71,34,,0.04,19,,2.71,34,,-1.02,2,,2.16,48,,2.68,37,,0.65,40,,2.58,47,,2.63,42,,3.59,46
79,2.76,29,,2.71,34,,2.72,33,,2.62,43,,2.45,60,,2.72,33,,-0.57,39,,-1.05,5,,2.67,38,,-0.91,32,,2.63,42,,3.74,31
80,2.37,27,,2.74,31,,0.3,34,,-0.18,41,,2.67,38,,2.7,35,,2.76,29,,-0.31,13,,2.4,24,,-0.03,26,,2.68,37,,3.77,28
81,2.5,14,,2.36,28,,-0.37,19,,1.89,75,,-1.02,2,,2.54,51,,2.3,34,,2.7,35,,-1.04,4,,2.77,28,,2.62,43,,3.76,29
82,2.35,29,,0.08,15,,2.66,39,,2.12,52,,2.47,58,,2.02,21,,0.08,15,,2.69,36,,2.77,28,,2.62,43,,2.77,28,,3.05,100
83,2.75,30,,-0.44,26,,-0.71,12,,2.69,36,,2.31,74,,1.97,26,,-0.7,11,,2.26,38,,2.78,27,,-1.13,13,,-0.65,6,,2.96,48
84,2.36,28,,2.68,37,,2.69,36,,2.59,46,,2.57,48,,-0.35,17,,-0.44,26,,2.6,45,,2.76,29,,2.34,30,,2.45,19,,3.6,45
85,-0.67,8,,-0.74,15,,2.77,28,,-0.36,18,,2.44,20,,2,23,,2.73,32,,-0.32,14,,0.03,20,,2.21,43,,-0.56,38,,3.78,27
86,2.59,46,,2.75,30,,2.31,33,,2.22,42,,2.77,28,,1.48,75,,2.65,40,,0.38,26,,2.73,32,,2.06,58,,2.78,27,,-1.06,6
87,2.29,35,,-1.08,8,,2.63,42,,2.71,34,,2.57,48,,2.6,45,,2.77,28,,2.68,37,,2.78,27,,2.79,26,,-0.73,14,,3.25,19
88,2.62,43,,-0.72,13,,0.05,18,,-1.07,7,,2.7,35,,2.7,35,,2.69,36,,2.69,36,,2.62,43,,2.31,33,,2.66,39,,3.53,52
89,-1.04,4,,0.68,37,,2.52,53,,2.75,30,,2.3,34,,2.43,62,,0.1,13,,1.97,26,,2.28,36,,2.71,34,,2.7,35,,3.15,29
90,-0.33,15,,2.55,50,,-0.36,18,,2.53,52,,0.01,22,,2.68,37,,2.58,47,,2.77,28,,2.11,53,,2.27,37,,2.33,72,,-0.75,36
91,2.8,25,,2.67,38,,2.77,28,,2.29,35,,2.34,30,,2.69,36,,0.76,29,,2.7,35,,2.29,76,,2.6,45,,0.71,34,,-0.58,19
92,2.76,29,,2.74,31,,2.57,48,,2.38,26,,1.94,29,,2.71,34,,2.67,38,,2.47,17,,2.71,34,,2.35,29,,2.74,31,,3.22,22
93,0.02,21,,2.74,31,,2.39,25,,-2.22E-16,23,,2.55,50,,2.44,20,,2.32,73,,2.78,27,,2.53,52,,2.7,35,,2.47,58,,2.92,52
94,2.22,42,,2.65,40,,2.71,34,,2.29,35,,2.57,48,,2.54,51,,2.14,50,,2.61,44,,2.46,18,,2.64,41,,2.7,35,,3.43,62
95,2.14,50,,2.59,46,,2.29,35,,2.67,38,,2.64,41,,2.73,32,,2.85,20,,2.28,36,,2.42,22,,2.8,25,,2.24,40,,3.67,38
96,2.36,28,,2.66,39,,2.41,64,,2.67,38,,-1.16,16,,2.48,57,,2.81,24,,2.24,40,,2.62,43,,2.7,35,,2.44,61,,3.23,21
97,2.76,29,,2.53,52,,0.41,23,,2.7,35,,2.5,55,,0.41,23,,2.7,35,,2.48,57,,2.23,41,,2.82,23,,2.84,21,,0.69,14
98,2.65,40,,2.6,45,,2.64,41,,2.75,30,,1.58,65,,2.78,27,,2.53,52,,2.4,24,,2.77,28,,2.84,21,,2.7,35,,3.79,26
99,-1.05,5,,2.77,28,,2.72,33,,2.77,28,,1.67,37,,1.92,31,,2.77,28,,2.47,17,,2.81,24,,2.45,19,,2.1,95,,3.16,28
100,2.7,35,,-0.7,11,,2.56,49,,2.75,30,,2.45,60,,2.86,19,,2.63,42,,2.79,26,,2.45,60,,0.04,19,,1.82,41,,3.67,38
101,0.17,47,,2.73,32,,2.81,24,,2.73,32,,-1.09,9,,2.69,36,,2.61,44,,2.73,32,,2.7,35,,2.33,31,,2.64,41,,3.52,53
102,2.77,28,,2.27,37,,1.92,31,,0.44,20,,-1.02,2,,2.68,37,,2.58,47,,2.64,41,,2.63,42,,2.75,30,,2.1,54,,3.17,27
103,-0.13,36,,-1.12,12,,-0.71,12,,2.83,22,,2.06,17,,2.71,34,,2.35,70,,2.67,38,,2.41,64,,2.6,45,,2.67,38,,3.71,34
104,2.34,30,,-1.04,4,,2.86,19,,2.64,41,,-0.76,17,,2.69,36,,2.77,28,,2.77,28,,2.82,23,,2.81,24,,2.72,33,,3.83,22
105,2.67,38,,2.52,53,,2.55,50,,2.75,30,,2.76,29,,2.69,36,,2.76,29,,2.74,31,,2.84,21,,2.79,26,,-0.32,14,,3.75,30
106,2.74,31,,2.75,30,,2.64,41,,2.67,38,,2.4,24,,2.39,25,,2.37,27,,0.05,18,,2.43,21,,2.83,22,,2.61,44,,3.22,22
107,2.83,22,,2.82,23,,-0.28,10,,2.32,32,,2.73,32,,-0.4,22,,2.18,46,,-0.01,24,,2.46,18,,2.81,24,,2.36,28,,3.24,20
108,2.48,16,,2.72,33,,2.76,29,,2.65,40,,2.67,38,,1.88,117,,2.74,31,,2.63,42,,2.62,43,,2.84,21,,2.8,25,,3.62,43
109,2.72,33,,2.66,39,,2.42,22,,2.54,51,,1.86,37,,-1.1,10,,2.72,33,,0.74,31,,2.29,35,,2.86,19,,2.69,36,,3.2,24
110,2.19,45,,2.74,31,,2.24,81,,2.75,30,,2.85,20,,2.38,26,,2.76,29,,-0.03,26,,2.75,30,,2.73,32,,2.75,30,,3.78,27
111,2.71,34,,2.5,55,,2.7,35,,2.23,41,,2.3,34,,0.64,41,,2.35,29,,2.43,21,,1.93,30,,2.72,33,,2.77,28,,3.58,47
112,2.73,32,,2.68,37,,2.77,28,,2.83,22,,-0.57,80,,2.74,31,,2.57,48,,2.46,18,,0.45,19,,2.3,34,,2.59,46,,3.72,33
113,2.65,40,,2.6,45,,2.73,32,,-0.06,29,,1.19,22,,2.85,20,,2.84,21,,2.67,38,,2.77,28,,2.74,31,,2.35,70,,3.56,49
114,-1.02,2,,-0.33,56,,2.8,25,,2.63,42,,2.78,27,,2.8,25,,2.23,41,,2.75,30,,-0.08,31,,-0.3,12,,2.61,44,,3.51,54
115,-1.02,2,,-0.29,11,,-0.56,38,,2.7,35,,2.36,28,,2.61,44,,2.68,37,,2.44,20,,-0.41,23,,2.81,24,,-1.13,13,,3.73,32
116,2.72,33,,0.42,22,,2.81,24,,1.61,62,,2.41,64,,2.44,20,,2.82,23,,2.84,21,,2.79,26,,2.79,26,,2.84,21,,3.7,35
117,2.69,36,,2.82,23,,2.73,32,,-0.78,19,,2.69,36,,2.4,24,,2.65,40,,2.72,33,,1.92,72,,2.64,41,,2.62,43,,3.68,37
118,-0.33,15,,2.83,22,,-0.37,19,,-0.73,14,,2.81,24,,2.59,46,,2.78,27,,2.85,20,,0.02,21,,2.44,20,,2.78,27,,3.78,27
119,2.4,24,,2.74,31,,2.72,33,,2.62,43,,2.76,29,,2.78,27,,2.37,27,,2.56,49,,2.33,31,,2.38,26,,2.7,35,,3.81,24
120,2.46,18,,2.72,33,,2.71,34,,-1.03,3,,2.78,27,,2.3,34,,-0.68,9,,2.67,38,,2.8,25,,2.76,29,,2.7,35,,3.78,27
121,2.58,47,,2.45,19,,2.81,24,,2.34,71,,2.74,31,,2.82,23,,2.75,30,,-0.81,22,,2.83,22,,0.39,25,,2.71,34,,3.24,20
122,2.33,31,,-0.47,29,,2.76,29,,2.53,52,,2.76,29,,2.46,18,,2.8,25,,2.8,25,,-0.69,10,,2.36,69,,2.78,27,,-0.1,32
123,2.83,22,,2.79,26,,2.77,28,,2.48,57,,2.8,25,,2.73,32,,2.74,31,,2.81,24,,2.8,25,,2.68,37,,-1.03,3,,2.98,46
124,2.42,22,,2.84,21,,1.86,37,,2.7,35,,2.78,27,,2.8,25,,2.79,26,,-0.66,7,,2.43,21,,2.73,32,,-0.69,10,,3.59,46
125,2.81,24,,-0.36,18,,2.77,28,,2.77,28,,2.37,27,,2.76,29,,2.78,27,,2.77,28,,2.48,16,,2.72,33,,2.47,58,,3.63,42
126,2.73,32,,2.74,31,,2.31,33,,2.73,32,,2.61,44,,2.71,34,,2.78,27,,2.43,21,,2.68,37,,2.73,32,,2.46,59,,3.84,21
127,2.32,32,,2.78,27,,2.46,18,,2.56,49,,2.39,25,,-0.71,12,,2.76,29,,2.33,31,,2.85,20,,-1.11,11,,2.36,28,,3.26,18
128,2.82,23,,0.77,28,,2.75,30,,0.7,35,,2.79,26,,2.49,56,,2.8,25,,2.3,34,,-0.18,41,,2.39,25,,2.57,48,,3.82,23
129,-0.44,67,,2.7,35,,2.35,29,,1.96,27,,2.69,36,,2.69,36,,2.84,21,,2.82,23,,2.75,30,,2.75,30,,2.77,28,,3.77,28
130,2.58,47,,2.83,22,,2.81,24,,2.78,27,,2.59,46,,2.04,19,,1.86,37,,2.29,76,,2.43,62,,2.61,44,,2.63,42,,3.69,36
131,2.51,54,,2.8,25,,2.79,26,,2.84,21,,2.84,21,,2.38,26,,2.74,31,,2.66,39,,2.7,35,,2.83,22,,2.82,23,,3.86,19
132,2.44,61,,2.72,33,,2.78,27,,2.76,29,,2.32,32,,0.06,17,,2.8,25,,2.42,63,,2.86,19,,-0.27,50,,2.77,28,,3.82,23
133,2.8,25,,2.72,33,,-0.27,9,,1.01,21,,2.62,43,,2.78,27,,2.71,34,,2.65,40,,2.78,27,,2.76,29,,2.84,21,,3.77,28
134,2.79,26,,2.61,44,,2.74,31,,1.91,32,,2.77,28,,2.74,31,,2.83,22,,-1.05,5,,2.48,57,,0.06,17,,2.87,18,,3.27,17
135,2.38,26,,2.82,23,,2.7,35,,2.46,18,,-1.03,3,,2.78,27,,2.85,20,,-1.02,2,,2.82,23,,2.36,69,,2.7,35,,3.79,26
136,0.39,25,,2.82,23,,2.85,20,,2.09,55,,2.71,34,,2.53,52,,-0.03,26,,0.67,38,,0.84,21,,2.8,25,,2.69,36,,3.72,33
137,2.61,44,,2.59,46,,2.62,43,,2.62,43,,-0.79,20,,2.75,30,,2.73,32,,2.57,48,,2.83,22,,2.81,24,,2.78,27,,2.63,81
138,2.4,24,,2.76,29,,2.81,24,,2.15,49,,2.58,47,,2.81,24,,1.64,141,,2.75,30,,2.45,19,,2.85,20,,2.53,52,,0.13,9
139,2.39,25,,2.33,72,,2.31,33,,2.8,25,,2.84,21,,2.8,25,,2.78,27,,-0.39,21,,2.36,28,,2.83,22,,2.73,32,,3.75,30
140,2.44,20,,2.78,27,,2.77,28,,2.48,57,,2.03,20,,1.28,95,,2.65,40,,-1.14,14,,2.85,20,,2.47,17,,2.37,27,,3.74,31
141,2.8,25,,2.05,18,,2.77,28,,2.88,17,,2.75,30,,2.87,18,,2.76,29,,2.36,28,,2.74,31,,2.51,54,,2.7,35,,3.81,24
142,2.84,21,,2.83,22,,2.76,29,,2.73,32,,2.78,27,,2.82,23,,2.86,19,,2.85,20,,0.08,56,,2.46,18,,2.63,42,,3.08,36
143,2.73,32,,2.13,51,,2.47,17,,2.74,31,,2.66,39,,2.8,25,,2.69,36,,2.77,28,,2.52,53,,2.83,22,,2.82,23,,2.7,13
144,2.81,24,,2.03,20,,2.82,23,,2.78,27,,2.79,26,,2.83,22,,2.84,21,,2.72,33,,2.82,23,,-0.74,15,,2.79,26,,3.16,28
145,1.91,32,,-0.08,31,,1.99,24,,2.83,22,,0.07,16,,2.76,29,,2.67,38,,2.82,23,,2.66,39,,2.84,21,,0.71,34,,3.77,28
146,2.84,21,,2.79,26,,-0.68,9,,2.77,28,,2.67,38,,2.78,27,,-1.13,13,,2.5,55,,2.84,21,,2.7,35,,2.7,35,,3.24,20
147,2.37,27,,2.79,26,,2.63,42,,2.84,21,,2.41,23,,2.46,59,,2.81,24,,2.82,23,,1.4,42,,2.68,37,,2.75,30,,3.05,39
148,2.32,32,,2.34,30,,2.69,36,,2.57,48,,-0.65,6,,2.85,20,,2.49,56,,2.4,24,,2.86,19,,2.75,30,,2.72,33,,3.8,25
149,2.39,25,,2.81,24,,2.34,30,,2.85,20,,2.58,47,,2.39,25,,2.78,27,,2.38,26,,2.16,48,,2.78,27,,2.86,19,,3.82,23
150,2.77,28,,2.74,31,,2.84,21,,2.85,20,,2.63,42,,2.6,45,,2.23,41,,2.78,27,,2.73,32,,2.31,74,,2.72,33,,3.83,22
151,0.03,20,,2.78,27,,2.67,38,,2.77,28,,2.68,37,,2.76,29,,2.71,34,,2.64,41,,2.79,26,,2.27,37,,2.66,39,,1.53,8
152,0.01,22,,2.78,27,,2.6,45,,2.78,27,,2.72,33,,2.82,23,,2.32,32,,2.8,25,,2.81,24,,2.38,26,,1.84,80,,3.46,59
153,-1.12,12,,2.77,28,,2.83,22,,2.8,25,,2.63,42,,1.71,11,,2.75,30,,2.86,19,,1.99,24,,-0.68,9,,2.84,21,,3.78,27
154,2.84,21,,2.39,66,,2.38,26,,2.85,20,,2.62,43,,2.66,39,,2.76,29,,-1.12,12,,2.85,20,,2.64,41,,2.72,33,,3.79,26
155,2.82,23,,2.79,26,,2.7,35,,2.77,28,,2.35,29,,2.76,29,,2.77,28,,2.27,37,,2.77,28,,2.74,31,,2.22,83,,3.72,33
156,2.28,36,,2.86,19,,1.72,51,,2.66,39,,2.74,31,,2.7,35,,2.84,21,,2.79,26,,2.51,54,,2.52,53,,2.75,30,,-1.03,3
157,2.47,58,,2.42,22,,2.4,24,,2,23,,2.27,78,,2.81,24,,2.71,34,,2.72,33,,1.9,33,,-1.08,8,,2.8,25,,3.13,31
158,2.76,29,,2.79,26,,2.82,23,,2.78,27,,2.82,23,,2.42,22,,2.48,57,,2.75,30,,2.45,60,,2.39,25,,2.77,28,,3.22,22
159,2.75,30,,2.72,33,,2.35,29,,2.72,33,,2.69,36,,2.85,20,,2.6,45,,2.76,29,,2.71,34,,2.63,42,,2.46,18,,3.23,21
160,-0.68,9,,2.82,23,,2.61,44,,2.79,26,,2.74,31,,2.84,21,,2.85,20,,2.82,23,,2.8,25,,2.47,17,,2.83,22,,3.16,28
161,2.43,21,,2.33,72,,2.73,32,,2.37,27,,2.86,19,,2.33,31,,2.85,20,,2.78,27,,2.85,20,,2.82,23,,2.7,35,,3.63,42
162,2.18,87,,2.78,27,,-0.73,14,,2.71,34,,1.57,107,,2.81,24,,2.07,98,,2.81,24,,2.86,19,,-1.04,4,,2.7,35,,3.05,39
163,2.4,24,,2.74,31,,2.78,27,,2.44,20,,2.8,25,,2.67,38,,2.74,31,,1.59,23,,2.47,17,,2.8,25,,2.63,42,,3.65,40
164,2.08,15,,2.81,24,,2.69,36,,-0.42,24,,2.79,26,,1.7,12,,2.75,30,,2.85,20,,2.82,23,,-1.02,2,,-0.7,11,,3.59,46
165,2.56,49,,2.6,45,,2.74,31,,2.4,65,,2.86,19,,-0.31,13,,2.6,45,,2.84,21,,2.24,40,,2.77,28,,2.23,41,,3.65,40
166,2.46,18,,2.85,20,,1.59,23,,2.87,18,,2.86,19,,2.69,36,,2.77,28,,2.8,25,,2.84,21,,2.44,20,,-0.67,8,,3.77,28
167,1.87,36,,2.82,23,,2.66,39,,2.81,24,,2.53,52,,2.85,20,,2.68,37,,2.47,17,,2.81,24,,2.72,33,,2.81,24,,3.27,17
168,2.45,19,,2.81,24,,2.85,20,,2.62,43,,2.79,26,,2.8,25,,2.85,20,,2.43,21,,2.73,32,,2.8,25,,2.69,36,,3.24,20
169,2.82,23,,2.77,28,,2.73,32,,2.65,40,,2.32,73,,2.59,46,,2.35,70,,2.81,24,,2.84,21,,2.74,31,,2.55,50,,3.77,28
170,2.83,22,,2.8,25,,2.58,47,,2.53,52,,2.78,27,,2.76,29,,2.83,22,,2.71,34,,2.66,39,,2.79,26,,2.82,23,,3.73,32
171,2.7,35,,2.77,28,,2.87,18,,2.65,40,,2.39,25,,2.87,18,,2.8,25,,2.65,40,,2.74,31,,2.83,22,,2.33,72,,3.19,25
172,2.76,29,,2.77,28,,2.44,20,,2.83,22,,2.53,52,,2.7,35,,2.37,27,,2.81,24,,2.41,23,,2.32,73,,2.84,21,,3,44
173,2.64,41,,-1.03,3,,2.77,28,,2.74,31,,2.68,37,,2.67,38,,2.42,22,,2.87,18,,2.61,44,,2.71,34,,-1.02,2,,3.67,38
174,-0.65,6,,2.19,45,,2.47,17,,2.23,82,,2.61,44,,2.79,26,,2.72,33,,2.84,21,,2.84,21,,2.87,18,,2.78,27,,3.62,43
175,2.82,23,,2.84,21,,2.83,22,,2.47,17,,2.52,53,,2.78,27,,2.85,20,,2.48,57,,2.84,21,,2.47,17,,2.79,26,,2.92,52
176,2.78,27,,2.84,21,,2.81,24,,2.81,24,,2.83,22,,2.77,28,,2.46,18,,2.49,15,,2.85,20,,2.78,27,,2.34,30,,3.63,42
177,2.8,25,,2.84,21,,2.57,48,,2.72,33,,2.33,31,,2.74,31,,2.86,19,,2.77,28,,2.84,21,,2.44,20,,2.77,28,,3.84,21
178,2.85,20,,1.33,172,,2.76,29,,2.82,23,,2.79,26,,2.86,19,,2.79,26,,2.46,59,,2.87,18,,2.86,19,,2.85,20,,3.27,17
179,-0.69,10,,2.87,18,,2.58,47,,0.43,21,,2.28,36,,2.84,21,,2.83,22,,2.03,20,,2.71,34,,2.84,21,,2.84,21,,3.8,25
180,2.84,21,,2.81,24,,2.85,20,,2.78,27,,2.75,30,,2.72,33,,2.68,37,,2.81,24,,2.85,20,,2.37,27,,2.5,55,,3.64,41
181,2.37,27,,2.7,35,,2.83,22,,2.83,22,,2.58,47,,2.75,30,,2.73,32,,2.81,24,,2.85,20,,2.85,20,,2.67,38,,3.51,54
182,2.43,21,,2.81,24,,2.35,29,,-1.43,84,,1.69,95,,2.87,18,,2.81,24,,2.81,24,,2.19,45,,2.82,23,,2.79,26,,3.75,30
183,0.46,18,,2.83,22,,2.82,23,,2.69,36,,2.71,34,,2.34,30,,2.83,22,,2.76,29,,1.99,24,,2.78,27,,2.83,22,,3.81,24
184,2.75,30,,2.79,26,,2.46,18,,2.86,19,,2.79,26,,2.74,31,,2.76,29,,2.8,25,,2.84,21,,2.83,22,,2.46,59,,2.24,59
185,2.43,62,,2.75,30,,2.37,27,,2.46,18,,2.29,35,,2.85,20,,2.7,35,,2.85,20,,2.11,12,,2.78,27,,2.81,24,,3.85,20
186,2.08,97,,2.87,18,,2.05,18,,2.73,32,,2.76,29,,2.77,28,,2.04,19,,2.6,45,,2.67,38,,-0.29,11,,2.74,31,,3.87,18
187,2.76,29,,0.09,14,,2.85,20,,2.73,32,,2.52,53,,2.85,20,,2.8,25,,2.45,60,,2.81,24,,2.8,25,,2.49,56,,3.78,27
188,2.71,34,,2.78,27,,2.79,26,,2.72,33,,2.76,29,,2.78,27,,2.8,25,,2.46,18,,2.09,14,,0.8,25,,-0.88,29,,3.72,33
189,2.78,27,,2.84,21,,-0.74,56,,2.62,43,,2.33,31,,2.85,20,,-0.3,12,,2.85,20,,2.82,23,,2.85,20,,2.74,31,,3.84,21
190,2.73,32,,2.83,22,,2.43,62,,2.15,49,,2.84,21,,2.73,32,,2.74,31,,2.07,16,,2.77,28,,2.18,46,,2.68,37,,1.61,21
191,2.82,23,,2.79,26,,2.36,28,,2.83,22,,2.77,28,,2.79,26,,1.29,176,,2.79,26,,2.85,20,,2.69,36,,2.52,53,,3.72,33
192,2.87,18,,2.58,47,,2.73,32,,-1.08,8,,2.47,17,,2.83,22,,2.8,25,,2.72,33,,2.77,28,,2.53,52,,2.81,24,,3.82,23
193,2.08,15,,2.79,26,,2.38,26,,2.79,26,,2.6,45,,2.77,28,,2.76,29,,2.01,22,,2.73,32,,2.76,29,,2.75,30,,3.87,18
194,2.01,63,,2.05,18,,2.8,25,,2.83,22,,1.86,78,,2.79,26,,2.7,35,,2.39,25,,2.33,72,,2.48,57,,2.08,15,,3.79,26
195,2.47,17,,2.83,22,,2.79,26,,2.8,25,,2.66,39,,2.46,18,,2.82,23,,2.11,94,,2.41,23,,-0.82,23,,2.64,41,,3.81,24
196,2.84,21,,2.72,33,,1.5,13,,2.71,34,,2.77,28,,2.8,25,,2.73,32,,2.84,21,,2.84,21,,2.77,28,,2.6,45,,3.6,45
197,2.77,28,,2.7,35,,2.8,25,,2.86,19,,2.78,27,,2.45,19,,2.85,20,,2.82,23,,2.79,26,,2.81,24,,2.65,40,,3.79,26
198,2.63,42,,2.42,22,,2.67,38,,2.81,24,,2.78,27,,2.86,19,,2.83,22,,2.86,19,,2.81,24,,1.87,36,,2.3,75,,3.66,39
199,2.41,23,,2.42,22,,2.79,26,,2.73,32,,2.84,21,,2.74,31,,2.43,21,,2.7,35,,2.81,24,,2.81,24,,2.78,27,,3.83,22
200,1.7,12,,2.35,70,,2.85,20,,2.67,38,,2.63,42,,2.84,21,,2.86,19,,2.87,18,,2.25,39,,2.84,21,,2.78,27,,3.87,18
201,2.79,26,,2.78,27,,2.86,19,,2.34,30,,2.83,22,,2.76,29,,2.71,34,,2.79,26,,1.66,16,,2.81,24,,2.79,26,,3.75,30
202,2.41,23,,2.51,54,,2.73,32,,2.87,18,,2.7,35,,2.81,24,,2.7,35,,2.84,21,,2.66,39,,2.46,18,,2.79,26,,0.69,14
203,2.87,18,,2.82,23,,2.43,21,,2.48,57,,2.06,58,,2.81,24,,2.78,27,,2.32,32,,2.85,20,,2.18,46,,1.71,11,,3.82,23
204,2.7,35,,2.43,21,,2.74,31,,2.74,31,,-0.69,10,,2.62,43,,2.86,19,,2.75,30,,2.49,15,,1.72,10,,2.86,19,,2.62,82
205,2.69,36,,2.12,52,,2.86,19,,1.65,17,,2.81,24,,2.79,26,,2.77,28,,2.83,22,,2.8,25,,2.57,48,,2.81,24,,3.25,19
206,2.65,40,,2.81,24,,2.07,16,,2.73,32,,2.84,21,,2.45,19,,2.86,19,,2.85,20,,2.86,19,,2.79,26,,1.66,38,,3.83,22
207,2.62,43,,2.54,51,,2.85,20,,2.84,21,,2.26,79,,2.76,29,,2.64,41,,2.83,22,,2.81,24,,2.87,18,,2.85,20,,3.82,23
208,2.76,29,,2.8,25,,1.99,24,,2.45,19,,2.08,15,,2.79,26,,2.79,26,,2.75,30,,2.87,18,,2.71,34,,2.85,20,,1.93,29
209,2.83,22,,2.56,49,,2.84,21,,2.64,41,,2.78,27,,2.85,20,,2.63,42,,2.81,24,,2.38,26,,2.69,36,,2.8,25,,3.84,21
210,2.64,41,,2.68,37,,-1.15,15,,2.82,23,,-1.03,3,,2.78,27,,2.61,44,,2.67,38,,2.82,23,,2.85,20,,2.77,28,,3.33,72
211,2.2,85,,2.71,34,,2.82,23,,2.57,48,,2.82,23,,2.26,38,,2.83,22,,2.86,19,,2.82,23,,2.87,18,,-1.23,23,,3.75,30
212,2.59,46,,2.43,21,,2.84,21,,2.86,19,,2.5,55,,2.85,20,,2.69,36,,2.8,25,,2.82,23,,2.71,34,,2.74,31,,3.68,37
213,1.86,37,,2.86,19,,2.78,27,,2.79,26,,2.8,25,,2.77,28,,2.5,55,,2.77,28,,2.84,21,,2.78,27,,2.81,24,,3.65,40
214,2.8,25,,2.81,24,,2.59,46,,2.43,21,,2.82,23,,2.82,23,,2.77,28,,2.64,41,,2.85,20,,2.27,78,,2.75,30,,2.1,73
215,2.69,36,,2.82,23,,0.46,18,,2.33,31,,2.8,25,,2.86,19,,2.38,67,,2.83,22,,2.82,23,,2.44,61,,2.82,23,,3.22,22
216,2.19,45,,2.83,22,,2.85,20,,2.77,28,,2.81,24,,2.64,41,,2.43,62,,2.84,21,,2.81,24,,2.76,29,,2.59,46,,3.81,24
217,2.74,31,,2.81,24,,2.46,18,,2.82,23,,2.78,27,,2.74,31,,2.77,28,,2.41,64,,2.82,23,,2.63,42,,2.63,42,,3.81,24
218,2.79,26,,2.69,36,,2.04,19,,2.34,30,,2.79,26,,2.85,20,,2.77,28,,2.34,30,,2.78,27,,2.8,25,,2.77,28,,3.84,21
219,2.76,29,,2.84,21,,2.85,20,,2.61,44,,2.72,33,,2.76,29,,2.81,24,,2.85,20,,2.47,17,,2.79,26,,2.88,17,,3.8,25
220,2.87,18,,2.8,25,,2.65,40,,2.34,30,,2.32,32,,2.59,46,,2.81,24,,2.79,26,,2.81,24,,2.75,30,,2.76,29,,3.8,25
221,2.84,21,,2.83,22,,2.81,24,,2.66,39,,2.04,19,,2.83,22,,2.82,23,,2.77,28,,2.84,21,,2.22,42,,2.71,34,,3.8,25
222,2.78,27,,2.81,24,,2.82,23,,2.78,27,,2.81,24,,2.78,27,,2.84,21,,2.85,20,,2.83,22,,2.33,31,,2.45,60,,3.25,19
223,2.81,24,,0.07,16,,2.73,32,,2.08,15,,2.8,25,,2.81,24,,2.77,28,,2.84,21,,2.82,23,,2.83,22,,2.77,28,,3.67,38
224,2.09,55,,2.8,25,,2.44,20,,2.84,21,,2.64,41,,2.85,20,,2,64,,2.67,38,,2.82,23,,2.45,19,,2.59,46,,3.8,25
225,2.78,27,,2.71,34,,2.82,23,,2.7,35,,2.83,22,,2.86,19,,2.75,30,,2.8,25,,2.39,25,,2.85,20,,2.8,25,,3.75,30
226,2.83,22,,0.13,51,,2.84,21,,2.86,19,,2.83,22,,2.07,16,,2.86,19,,2.84,21,,2.37,27,,2.79,26,,2.81,24,,3.56,49
227,2.83,22,,2.82,23,,2.85,20,,2.05,59,,2.43,21,,2.7,35,,2.76,29,,2.39,25,,2.61,44,,2.75,30,,2.83,22,,3.83,22
228,2.78,27,,2.8,25,,2.82,23,,2.41,23,,2.72,33,,2.84,21,,2.75,30,,2.8,25,,2.4,24,,2.85,20,,2.86,19,,3.85,20
229,0.85,20,,2.82,23,,2.86,19,,2.73,32,,2.45,19,,2.81,24,,2.04,19,,2.86,19,,2.84,21,,2.84,21,,2.86,19,,3.79,26
230,2.47,17,,2.78,27,,2.85,20,,2.77,28,,2.72,33,,2.81,24,,2.8,25,,2.86,19,,2.11,12,,2.83,22,,2.54,51,,3.82,23
231,2.85,20,,2.8,25,,2.71,34,,2.6,45,,1.82,22,,2.79,26,,2.81,24,,2.88,17,,2.85,20,,2.76,29,,2.73,32,,3.82,23
232,2.69,36,,2.81,24,,2.86,19,,2.77,28,,2.63,42,,2.85,20,,2.63,42,,2.81,24,,2.82,23,,2.79,26,,1.92,31,,3.81,24
233,2.86,19,,2.82,23,,2.82,23,,2.35,29,,2.42,22,,2.82,23,,2.72,33,,2.77,28,,2.04,60,,2.36,69,,2.85,20,,3.68,37
234,2.81,24,,2.82,23,,2.14,91,,2.66,39,,2.51,54,,2.46,18,,2.68,37,,2.78,27,,2.62,43,,2.67,38,,2.83,22,,3.85,20
235,2.77,28,,2.85,20,,2.82,23,,2.1,54,,2.37,68,,2.84,21,,1.99,24,,2.46,18,,2.84,21,,2.66,39,,2.86,19,,3.84,21
236,2.82,23,,2.65,40,,-0.29,11,,2.84,21,,1.83,40,,2.87,18,,2.19,86,,2.12,11,,2.47,17,,2.84,21,,2.73,32,,3.84,21
237,2.71,34,,2.64,41,,2.83,22,,2.81,24,,2.43,21,,2.81,24,,2.79,26,,2.83,22,,2.46,18,,2.75,30,,2.8,25,,3.81,24
238,2.73,32,,2.84,21,,2.85,20,,2.73,32,,2.75,30,,2.62,43,,2.78,27,,2.71,34,,2.82,23,,2.42,22,,2.81,24,,3.85,20
239,2.72,33,,2.87,18,,2.81,24,,2.81,24,,2.79,26,,2.71,34,,2.82,23,,2.82,23,,2.81,24,,2.47,17,,2.39,25,,3.6,45
240,2.87,18,,2.81,24,,2.54,51,,2.04,19,,2.8,25,,2.84,21,,2.82,23,,2.82,23,,2.49,15,,2.61,44,,2.77,28,,3.7,35
241,2.85,20,,2.72,33,,2.82,23,,2.82,23,,2.57,48,,2.84,21,,2.86,19,,2.8,25,,2.81,24,,-1.04,4,,2.82,23,,3.83,22
242,2.84,21,,2.83,22,,2.79,26,,2.79,26,,2.77,28,,2.47,17,,2.84,21,,2.83,22,,2.66,39,,2.78,27,,2.86,19,,3.29,15
243,2.86,19,,2.77,28,,2.77,28,,2.46,18,,2.7,35,,2.81,24,,2.78,27,,2.49,15,,2.85,20,,2.38,26,,2.8,25,,3.55,50
244,2.62,43,,2.76,29,,2.87,18,,2.77,28,,2.73,32,,2.82,23,,2.85,20,,2.7,35,,2.4,65,,2.47,17,,2.85,20,,3.85,20
245,2.85,20,,2.57,48,,2.77,28,,2.82,23,,2.83,22,,2.8,25,,2.41,64,,2.84,21,,2.7,35,,2.86,19,,2.83,22,,3.79,26
246,2.76,29,,2.82,23,,2.47,17,,2.86,19,,2.87,18,,2.85,20,,2.86,19,,2.86,19,,2.54,51,,2.86,19,,2.8,25,,3.83,22
247,2.8,25,,2.84,21,,2.43,21,,2.45,19,,2.08,15,,2.79,26,,2.55,50,,2.83,22,,2.8,25,,2.7,35,,2.48,16,,3.61,44
248,2.75,30,,2.14,91,,2.8,25,,2.86,19,,2.76,29,,2.76,29,,2.44,20,,2.42,22,,2.83,22,,2.39,66,,2.85,20,,3.85,20
249,2.79,26,,2.87,18,,2.87,18,,2.12,52,,2.77,28,,2.71,34,,2.85,20,,2.28,36,,2.5,55,,2.71,34,,2.86,19,,3.84,21
250,2.78,27,,2.84,21,,2.87,18,,2.4,24,,2.84,21,,0.12,11,,2.27,37,,2.87,18,,2.84,21,,2.66,39,,2.47,17,,3.7,35
251,2.43,21,,2.67,38,,2.85,20,,2.47,17,,2.57,48,,2.69,36,,1.24,181,,2.76,29,,2.59,46,,2.51,54,,2.79,26,,3.85,20
252,2.38,26,,2.79,26,,2.4,24,,2.78,27,,2.82,23,,1.9,74,,1.85,79,,2.78,27,,2.64,41,,2.83,22,,2.8,25,,3.85,20
253,2.81,24,,2.69,36,,2.81,24,,2.45,19,,2.44,20,,2.58,47,,2.73,32,,2.83,22,,2.86,19,,2.23,41,,2.85,20,,3.82,23
254,2.44,20,,2.6,45,,2.45,60,,2.55,50,,2.37,27,,2.51,54,,2.79,26,,2.42,22,,2.87,18,,-1.06,6,,2.81,24,,3.84,21
255,2.77,28,,2.15,90,,2.88,17,,2.73,32,,2.86,19,,2.36,69,,2.72,33,,2.4,24,,2.86,19,,2.43,21,,2.84,21,,3.86,19
256,2.81,24,,2.8,25,,2.85,20,,2.84,21,,2.79,26,,2.83,22,,2.68,37,,2.83,22,,2.43,21,,2.34,30,,2.8,25,,3.85,20
257,2.78,27,,2.45,19,,2.85,20,,2.83,22,,2.52,53,,2.85,20,,2.79,26,,2.84,21,,2.86,19,,2.77,28,,2.26,38,,3.68,37
258,2.8,25,,2.78,27,,2.23,41,,2.18,87,,2.66,39,,2.87,18,,2.48,57,,2.85,20,,2.79,26,,2.5,14,,2.45,19,,3.15,29
259,2.85,20,,2.85,20,,2.1,13,,2.85,20,,2.86,19,,2.82,23,,1.99,24,,2.82,23,,2.8,25,,2.58,47,,2.8,25,,3.8,25
260,2.82,23,,2.81,24,,2.8,25,,2.87,18,,2.77,28,,2.81,24,,1.7,12,,2.88,17,,2.82,23,,2.87,18,,2.8,25,,2.61,22
261,2.76,29,,2.83,22,,2.85,20,,2.88,17,,2.87,18,,2.85,20,,2.79,26,,2.82,23,,2.26,38,,2.49,15,,2.69,36,,3.29,76
262,2.46,18,,2.82,23,,2.87,18,,2.11,12,,2.54,51,,2.82,23,,2.82,23,,2.79,26,,2.82,23,,2.79,26,,2.43,21,,-0.55,16
263,1.71,11,,2.85,20,,2.44,20,,0.62,161,,2.48,16,,2.84,21,,2.27,78,,2.5,14,,2.8,25,,2.81,24,,2.67,38,,3.49,56
264,2.81,24,,2.8,25,,2.82,23,,2.78,27,,2.39,25,,2.76,29,,2.4,24,,2.72,33,,2.82,23,,2.83,22,,2.81,24,,3.58,47
265,2.43,21,,2.8,25,,2.87,18,,2.88,17,,2.87,18,,2.84,21,,0.7,35,,2.81,24,,2.75,30,,2.69,36,,2.85,20,,3.8,25
266,2.38,26,,2.82,23,,2.81,24,,2.83,22,,2.79,26,,2.87,18,,2.85,20,,2.84,21,,2.87,18,,2.86,19,,2.79,26,,3.82,23
267,2.82,23,,2.86,19,,2.84,21,,2.41,23,,2.85,20,,2.71,34,,2.79,26,,1.85,120,,2.84,21,,2.46,18,,2.81,24,,3.82,23
268,2.75,30,,2.75,30,,2.24,40,,2.87,18,,2.78,27,,2.77,28,,2.77,28,,2.46,59,,2.46,18,,2.85,20,,2.79,26,,3.28,16
269,2.78,27,,2.82,23,,2.48,16,,2.07,16,,2.05,18,,2.08,15,,2.81,24,,2.72,33,,2.86,19,,2.69,36,,2.83,22,,3.69,36
270,2.47,17,,2.8,25,,2.87,18,,2.44,20,,2.46,18,,2.86,19,,2.43,21,,2.23,41,,2.86,19,,2.83,22,,2.81,24,,3.84,21
271,2.86,19,,2.79,26,,2.76,29,,2.87,18,,2.8,25,,2.87,18,,2.82,23,,2.78,27,,2.86,19,,2.67,38,,2.83,22,,3.84,21
272,2.85,20,,2.86,19,,2.84,21,,2.87,18,,2.31,74,,2.38,26,,2.88,17,,2.84,21,,2.86,19,,2.81,24,,2.48,57,,3.84,21
273,2.81,24,,2.37,27,,2.82,23,,1.69,13,,2.82,23,,2.84,21,,2.86,19,,2.2,44,,2.72,33,,2.61,44,,2.77,28,,3.85,20
274,2.84,21,,2.74,31,,2.78,27,,2.72,33,,2.63,42,,2.82,23,,2.74,31,,2.81,24,,2.83,22,,2.84,21,,2.78,27,,3.7,35
275,0.84,21,,2.42,63,,2.75,30,,2.68,37,,2.82,23,,2.46,18,,2.77,28,,2.84,21,,2.87,18,,2.49,15,,2.85,20,,3.81,24
276,2.71,34,,2.86,19,,2.81,24,,2.78,27,,2.83,22,,2.81,24,,2.83,22,,2.81,24,,2.86,19,,2.78,27,,2.85,20,,3.56,49
277,2.86,19,,2.85,20,,1.97,26,,2.45,19,,2.86,19,,2.82,23,,2.43,21,,2.85,20,,2.8,25,,2.84,21,,2.34,30,,3.28,16
278,2.85,20,,0.68,196,,2.84,21,,2.76,29,,2.84,21,,2.82,23,,2.84,21,,2.82,23,,2.84,21,,2.85,20,,2.82,23,,3.85,20
279,2.39,25,,2.84,21,,2.74,31,,2.81,24,,2.86,19,,2.85,20,,2.45,19,,2.63,42,,2.81,24,,2.85,20,,2.64,41,,3.8,25
280,2.69,36,,2.65,40,,2.39,25,,2.34,30,,2.61,44,,2.8,25,,2.84,21,,2.77,28,,2.1,95,,2.84,21,,2.84,21,,3.61,44
281,2.81,24,,2.83,22,,2.8,25,,2.48,16,,2.81,24,,2.87,18,,2.86,19,,2.36,28,,2.82,23,,2.76,29,,2.65,40,,3.2,24
282,2.67,38,,2.85,20,,2.77,28,,2.85,20,,2.81,24,,2.82,23,,2.82,23,,-1.02,2,,2.33,72,,2.86,19,,2.81,24,,3.6,45
283,2.71,34,,2.62,43,,2.66,39,,2.83,22,,2.86,19,,2.76,29,,2.85,20,,2.81,24,,2.87,18,,2.86,19,,2.8,25,,3.21,23
284,2.43,21,,2.88,17,,2.3,34,,2.87,18,,2.85,20,,2.86,19,,2.87,18,,2.85,20,,2.83,22,,2.84,21,,2.74,31,,3.83,22
285,2.39,25,,2.81,24,,2.74,31,,2.86,19,,2.88,17,,2.46,18,,2.27,37,,2.81,24,,2.85,20,,2.85,20,,2.86,19,,3.78,27
286,2.84,21,,2.71,34,,2.78,27,,2.82,23,,2.42,63,,2.45,19,,1.46,17,,2.76,29,,2.44,61,,2.78,27,,2.66,39,,3.82,23
287,2.82,23,,2.81,24,,2.69,36,,2.7,35,,2.85,20,,2.28,36,,2.77,28,,2.83,22,,2.78,27,,2.43,62,,2.58,47,,3.24,20
288,2.82,23,,2.61,44,,2.35,29,,2.43,21,,2.77,28,,2.81,24,,2.79,26,,2.55,50,,2.79,26,,2.86,19,,2.77,28,,3.42,63
289,2.86,19,,2.74,31,,2.86,19,,2.85,20,,2.82,23,,2.83,22,,2.84,21,,2.84,21,,2.36,69,,2.7,35,,2.83,22,,2.5,33
290,2.7,35,,2.78,27,,2.46,18,,2.38,26,,1.99,65,,2.82,23,,1.39,24,,2.74,31,,2.26,38,,2.73,32,,2.81,24,,3.12,93
291,2.46,18,,2.82,23,,2.84,21,,2.88,17,,2.57,48,,2.48,16,,2.39,25,,2.8,25,,2.78,27,,2.75,30,,2.87,18,,3.8,25
292,2.81,24,,2.74,31,,2.78,27,,2.45,19,,2.79,26,,2.87,18,,2.85,20,,2.87,18,,1.22,82,,2.81,24,,2.86,19,,3.73,32
293,2.77,28,,2.44,20,,2.82,23,,2.41,23,,-0.88,251,,2.73,32,,2.86,19,,2.84,21,,2.84,21,,2.79,26,,2.74,31,,3.87,18
294,2.4,24,,2.81,24,,2.77,28,,2.81,24,,2.27,78,,2.62,43,,2.83,22,,2.84,21,,2.84,21,,2.83,22,,2.84,21,,3.82,23
295,2.85,20,,2.85,20,,2.79,26,,2.88,17,,2.87,18,,2.84,21,,2.82,23,,2.04,19,,2.84,21,,2.44,20,,2.83,22,,3.29,15
296,2.83,22,,2.81,24,,2.83,22,,2.83,22,,2.52,53,,2.46,18,,2.55,50,,2.07,16,,2.44,20,,2.63,42,,2.84,21,,3.27,17
297,2.44,20,,2.86,19,,2.84,21,,2.81,24,,2.62,43,,2.86,19,,2.03,20,,2.48,16,,2.79,26,,2.84,21,,2.84,21,,3.77,28
298,2.48,16,,2.84,21,,2.85,20,,2.79,26,,2.38,26,,2.54,51,,2.86,19,,2.85,20,,2.78,27,,2.37,68,,2.82,23,,3.63,42
299,2.84,21,,2.73,32,,2.79,26,,2.85,20,,2.83,22,,2.81,24,,2.83,22,,2.65,40,,2.86,19,,2.81,24,,2.77,28,,3.28,16
300,2.82,23,,2.75,30,,2.87,18,,2.86,19,,2.85,20,,2.86,19,,2.52,53,,2.75,30,,2.83,22,,2.82,23,,2.66,39,,3.24,20
301,2.77,28,,2.82,23,,2.44,20,,2.79,26,,2.84,21,,2.84,21,,2.71,34,,2.47,58,,2.81,24,,2.07,16,,2.84,21,,3.85,20
302,2.8,25,,2.8,25,,1.99,65,,2.81,24,,2.73,32,,2.83,22,,2.86,19,,2.77,28,,2.82,23,,2.85,20,,2.46,18,,3.59,46
303,2.86,19,,2.86,19,,2.08,15,,2.22,42,,2.81,24,,2.84,21,,2.81,24,,2.83,22,,2.67,38,,2.77,28,,2.53,52,,3.88,17
304,2.86,19,,2.83,22,,2.46,18,,2.85,20,,2.43,21,,2.84,21,,2.85,20,,2.88,17,,2.87,18,,2.84,21,,2.8,25,,2.91,114
305,2.8,25,,2.83,22,,2.8,25,,2.82,23,,2.39,25,,2.43,21,,2.34,30,,2.83,22,,2.42,22,,2.83,22,,2.81,24,,3.26,18
306,2.68,37,,2.77,28,,2.47,17,,2.71,34,,2.82,23,,2.7,35,,2.78,27,,2.86,19,,2.64,41,,2.04,19,,2.04,101,,3.21,23
307,2.39,25,,2.68,37,,2.78,27,,2.76,29,,2.33,31,,2.84,21,,2.83,22,,2.65,40,,2.84,21,,2.86,19,,2.86,19,,3.85,20
308,2.83,22,,2.85,20,,2.83,22,,2.79,26,,2.84,21,,2.81,24,,2.59,46,,2.84,21,,2.85,20,,2.5,14,,2.81,24,,3.84,21
309,2.09,14,,2.84,21,,2.09,14,,2.73,32,,2.85,20,,2.83,22,,2.81,24,,2.83,22,,2.43,62,,2.86,19,,2.75,30,,3.82,23
310,2.74,31,,2.85,20,,2.73,32,,2.81,24,,2.86,19,,2.82,23,,2.78,27,,2.55,50,,2.34,30,,2.77,28,,2.85,20,,3.8,25
311,2.8,25,,2.78,27,,2.86,19,,2.43,21,,2.48,16,,2.82,23,,2.34,30,,2.79,26,,2.81,24,,2.44,20,,2.85,20,,3.26,18
312,2.48,16,,2.85,20,,2.39,25,,2.78,27,,2.45,60,,2.87,18,,2.42,22,,2.84,21,,2.64,41,,2.83,22,,2.83,22,,3.81,24
313,2.86,19,,2.49,15,,2.81,24,,2.43,21,,2.86,19,,2.86,19,,2.81,24,,2.79,26,,2.64,41,,2.86,19,,2.86,19,,3.83,22
314,2.83,22,,2.83,22,,2.88,17,,1.85,38,,2.67,38,,2.8,25,,2.87,18,,2.45,19,,2.16,48,,2.86,19,,2.85,20,,3.51,54
315,2.77,28,,2.8,25,,2.82,23,,2.28,36,,2.85,20,,2.84,21,,2.85,20,,2.73,32,,2.43,21,,2.81,24,,2.88,17,,3.83,22
316,2.4,24,,2.85,20,,2.1,13,,1.47,117,,2.78,27,,2.86,19,,2.75,30,,2.52,53,,2.87,18,,2.79,26,,1.99,24,,3.86,19
317,2.08,15,,2.75,30,,2.83,22,,2.75,30,,2.81,24,,2.74,31,,2.63,42,,2.84,21,,2.86,19,,2.81,24,,2.83,22,,3.71,34
318,2.45,60,,0.41,23,,2.83,22,,2.83,22,,2.48,16,,2.8,25,,2.79,26,,2.11,53,,2.83,22,,0.93,171,,2.8,25,,3.83,22
319,2.77,28,,2.79,26,,2.48,16,,2.66,39,,2.58,47,,2.79,26,,2.85,20,,2.78,27,,2.81,24,,2.85,20,,2.86,19,,3.79,26
320,2.82,23,,2.32,32,,2.76,29,,2.47,17,,2.87,18,,2.45,19,,2.71,34,,2.84,21,,2.35,29,,2.86,19,,2.83,22,,3.82,23
321,2.75,30,,2.46,18,,2.84,21,,2.72,33,,2.79,26,,2.82,23,,2.68,37,,2.85,20,,2.48,16,,2.88,17,,2.82,23,,3.16,28
322,2.82,23,,2.8,25,,2.86,19,,2.87,18,,2.74,31,,2.55,50,,2.81,24,,2.81,24,,2.74,31,,2.82,23,,2.81,24,,3.68,37
323,2.67,38,,2.75,30,,2.8,25,,2.86,19,,2.74,31,,2.75,30,,2.83,22,,1.99,65,,2.84,21,,2.84,21,,2.81,24,,3.19,25
324,2.34,30,,2.82,23,,2.79,26,,2.87,18,,2.77,28,,2.82,23,,2.74,31,,2.83,22,,2.83,22,,2.86,19,,2.85,20,,3.77,28
325,2.82,23,,2.82,23,,2.79,26,,2.62,43,,2.79,26,,2.85,20,,2.84,21,,2.85,20,,2.84,21,,2.88,17,,2.86,19,,3.83,22
326,2.52,53,,2.85,20,,2.39,25,,2.68,37,,2.8,25,,1.72,10,,2.78,27,,2.8,25,,2.87,18,,2.8,25,,2.84,21,,3.76,29
327,2.47,17,,2.82,23,,2.04,19,,1.71,52,,2.85,20,,2.83,22,,2.86,19,,2.39,25,,2.11,12,,2.88,17,,2.85,20,,3.76,29
328,2.86,19,,2.86,19,,2.46,18,,1.89,75,,2.71,34,,2.54,51,,2.78,27,,2.82,23,,2.87,18,,2.82,23,,2.83,22,,3.84,21
329,2.8,25,,2.8,25,,2.8,25,,2.83,22,,2.59,46,,2.81,24,,2.77,28,,2.86,19,,2.47,17,,2.83,22,,2.86,19,,3.21,23
330,2.59,46,,2.69,36,,2.84,21,,2.47,17,,2.83,22,,2.62,43,,2.85,20,,2.62,43,,2.76,29,,2.47,17,,2.87,18,,3.43,62
331,2.85,20,,2.54,51,,2.8,25,,2.87,18,,2.77,28,,2.82,23,,2.54,51,,2.88,17,,2.84,21,,2.84,21,,2.69,36,,3.59,46
332,2.48,16,,2.83,22,,2.85,20,,2.7,35,,2.84,21,,2.09,14,,2.85,20,,2.85,20,,2.63,42,,2.5,14,,2.79,26,,3.8,25
333,2.77,28,,2.82,23,,2.8,25,,2.83,22,,2.49,15,,2.79,26,,2.86,19,,2.61,44,,2.52,53,,2.88,17,,2.86,19,,3.81,24
334,2.48,16,,2.86,19,,2.67,38,,2.79,26,,2.43,21,,2.83,22,,2.87,18,,2.8,25,,2.87,18,,2.83,22,,2.85,20,,2.62,21
335,2.85,20,,2.06,17,,2.75,30,,2.56,49,,2.84,21,,2.84,21,,2.83,22,,2.82,23,,2.82,23,,2.76,29,,2.85,20,,2.85,59
336,2.82,23,,2.81,24,,2.85,20,,2.72,33,,2.83,22,,2.82,23,,2.79,26,,2.83,22,,2.26,38,,2.44,20,,2.84,21,,3.87,18
337,2.35,29,,2.77,28,,2.84,21,,2.36,28,,2.68,37,,2.74,31,,2.83,22,,2.84,21,,2.8,25,,2.82,23,,2.86,19,,3.21,23
338,2.43,21,,2.87,18,,2.56,49,,2.86,19,,2.77,28,,2.85,20,,2.84,21,,2.79,26,,2.84,21,,2.63,42,,2.8,25,,3.86,19
339,2.1,13,,2.81,24,,2.84,21,,2.78,27,,2.84,21,,2.81,24,,2.3,75,,2.85,20,,2.83,22,,2.83,22,,2.85,20,,3.26,18
340,2.51,54,,2.82,23,,2.44,20,,2.86,19,,2.74,31,,2.87,18,,2.87,18,,2.83,22,,2.7,35,,2.86,19,,2.69,36,,3.8,25
341,2.4,24,,2.81,24,,2.83,22,,2.77,28,,2.86,19,,2.75,30,,2.85,20,,2.85,20,,2.82,23,,2.39,25,,2.84,21,,3.84,21
342,2.85,20,,2.45,19,,2.87,18,,2.86,19,,2.78,27,,2.85,20,,2.76,29,,2.43,21,,2.83,22,,2.86,19,,2.85,20,,3.21,23
343,2.77,28,,2.82,23,,2.73,32,,2.83,22,,2.67,38,,2.86,19,,2.81,24,,2.74,31,,2.87,18,,1.96,27,,2.85,20,,3.73,32
344,2.81,24,,2.86,19,,2.84,21,,2.81,24,,2.77,28,,2.64,41,,2.34,30,,2.45,19,,2.84,21,,2.3,34,,2.85,20,,2.63,20
345,2.82,23,,2.87,18,,2.84,21,,2.56,49,,2.28,77,,2.85,20,,2.8,25,,2.78,27,,2.71,34,,2.82,23,,2.87,18,,3.8,25
346,2.44,20,,2.83,22,,2.87,18,,2.74,31,,2.85,20,,2.81,24,,2.81,24,,2.86,19,,2.84,21,,2.85,20,,2.41,23,,3.88,17
347,2.33,31,,2.82,23,,2.7,35,,2.42,22,,2.48,16,,2.82,23,,2.57,48,,2.79,26,,-2.11,251,,2.85,20,,2.11,12,,3.05,100
348,2.44,20,,2.83,22,,2.85,20,,2.82,23,,2.36,28,,2.81,24,,2.71,34,,2.84,21,,-2.52,251,,2.75,30,,2.81,24,,3.27,17
349,2.44,20,,2.83,22,,2.49,56,,2.84,21,,2.53,52,,2.85,20,,2.8,25,,2.75,30,,-2.52,251,,2.11,12,,2.76,29,,3.67,38
350,2.85,20,,2.85,20,,2.85,20,,2.81,24,,2.81,24,,2.76,29,,2.83,22,,2.33,72,,-2.52,251,,2.85,20,,2.86,19,,3.86,19
